fator,endpoint,concorrencia,comparacao,interpretacao,niveis,ganho_por_nivel_pct,amplitude_pp,tendencia,sessoes
payload (ITEMS),get,10,fastify-plain vs express-plain,efeito puro do framework,1 50 200,+414.19 +149.72 +58.54,355.65,cai,2
payload (ITEMS),get,10,fastify-schema vs express-zod,cenario realista de mercado,1 50 200,+395.02 +51.31 -8.52,403.54,cai,2
payload (ITEMS),get,10,express-zod vs express-plain,custo da validacao no Express,1 50 200,+0.80 -0.36 +0.25,1.16,estavel,2
payload (ITEMS),get,10,fastify-schema vs fastify-plain,efeito do schema no Fastify,1 50 200,-2.96 -39.63 -42.16,39.2,cai,2
payload (ITEMS),get,100,fastify-plain vs express-plain,efeito puro do framework,1 50 200,+406.82 +141.60 +62.81,344.0,cai,2
payload (ITEMS),get,100,fastify-schema vs express-zod,cenario realista de mercado,1 50 200,+374.51 +46.90 -6.45,380.96,cai,2
payload (ITEMS),get,100,express-zod vs express-plain,custo da validacao no Express,1 50 200,+1.22 +0.56 -0.46,1.68,cai,2
payload (ITEMS),get,100,fastify-schema vs fastify-plain,efeito do schema no Fastify,1 50 200,-5.23 -38.85 -42.81,37.58,cai,2
payload (ITEMS),get,500,fastify-plain vs express-plain,efeito puro do framework,1 50 200,+431.34 +153.28 +66.00,365.34,cai,2
payload (ITEMS),get,500,fastify-schema vs express-zod,cenario realista de mercado,1 50 200,+412.04 +56.18 -3.84,415.88,cai,2
payload (ITEMS),get,500,express-zod vs express-plain,custo da validacao no Express,1 50 200,+0.00 +0.53 -0.03,0.56,estavel,2
payload (ITEMS),get,500,fastify-schema vs fastify-plain,efeito do schema no Fastify,1 50 200,-3.63 -38.01 -42.09,38.46,cai,2
payload (ITEMS),post,10,fastify-plain vs express-plain,efeito puro do framework,1 50 200,+203.71 +199.99 +205.29,5.3,cresce,2
payload (ITEMS),post,10,fastify-schema vs express-zod,cenario realista de mercado,1 50 200,+202.49 +203.41 +204.51,2.02,cresce,2
payload (ITEMS),post,10,express-zod vs express-plain,custo da validacao no Express,1 50 200,-7.43 -8.03 -7.63,0.6,estavel,2
payload (ITEMS),post,10,fastify-schema vs fastify-plain,efeito do schema no Fastify,1 50 200,-7.80 -6.98 -7.87,0.89,estavel,2
payload (ITEMS),post,100,fastify-plain vs express-plain,efeito puro do framework,1 50 200,+199.25 +200.55 +201.20,1.95,cresce,2
payload (ITEMS),post,100,fastify-schema vs express-zod,cenario realista de mercado,1 50 200,+194.78 +193.42 +195.70,2.28,estavel,2
payload (ITEMS),post,100,express-zod vs express-plain,custo da validacao no Express,1 50 200,-6.65 -6.97 -6.79,0.32,estavel,2
payload (ITEMS),post,100,fastify-schema vs fastify-plain,efeito do schema no Fastify,1 50 200,-8.04 -9.18 -8.49,1.14,estavel,2
payload (ITEMS),post,500,fastify-plain vs express-plain,efeito puro do framework,1 50 200,+199.21 +197.83 +192.27,6.94,cai,2
payload (ITEMS),post,500,fastify-schema vs express-zod,cenario realista de mercado,1 50 200,+202.76 +201.76 +209.12,7.36,cresce,2
payload (ITEMS),post,500,express-zod vs express-plain,custo da validacao no Express,1 50 200,-7.69 -8.98 -10.60,2.92,cai,2
payload (ITEMS),post,500,fastify-schema vs fastify-plain,efeito do schema no Fastify,1 50 200,-6.59 -7.78 -5.45,2.33,cresce,2
