items,routes,endpoint,io_ms,concorrencia,arm,framework,variant,bloco,sessao,reps,rps_media,rps_dp,rps_cv_pct,lat_media_ms,p99_mediana_ms,p99_pior_ms,cpu_media_pct,mem_media_mb,loop_p99_ms,vazao_mb_s,erro_pct,enlace_pct,req_por_vcpu_hora,usd_por_milhao_req,us_cpu_por_req
1,0,get,0,10,express-plain,express,plain,run-20260923-231432,2026-09-23,5,22194.0,500.9,2.26,0.05,2,2,98.9,30.9,12.547,10.52,0.0,0,80760901,0.0005,44.58
1,0,get,0,10,express-zod,express,zod,run-20260923-231432,2026-09-23,5,22371.8,99.7,0.45,0.05,2,2,98.8,31.4,12.653,10.6,0.0,0,81556954,0.0005,44.14
1,0,get,0,10,fastify-plain,fastify,plain,run-20260923-231432,2026-09-23,5,114119.3,600.6,0.53,0.01,0,0,100.9,23.7,10.071,46.91,0.0,0,407084423,0.0001,8.84
1,0,get,0,10,fastify-schema,fastify,schema,run-20260923-231432,2026-09-23,5,110745.2,421.5,0.38,0.01,0,0,100.9,25.6,10.076,45.52,0.0,0,394958243,0.0001,9.11
1,0,get,0,100,express-plain,express,plain,run-20260923-231432,2026-09-23,5,21977.2,512.5,2.33,3.93,9,9,98.7,37.4,17.128,10.42,0.0,0,80139060,0.0005,44.92
1,0,get,0,100,express-zod,express,zod,run-20260923-231432,2026-09-23,5,22246.0,231.1,1.04,3.782,9,9,98.7,38.8,17.074,10.54,0.0,0,81152402,0.0005,44.36
1,0,get,0,100,fastify-plain,fastify,plain,run-20260923-231432,2026-09-23,5,111383.9,1126.6,1.01,0.01,0,0,101.1,29.5,10.802,45.78,0.0,0,396750091,0.0001,9.07
1,0,get,0,100,fastify-schema,fastify,schema,run-20260923-231432,2026-09-23,5,105558.6,637.7,0.6,0.048,1,1,100.8,36.1,10.627,43.39,0.0,0,377124132,0.0001,9.55
1,0,get,0,500,express-plain,express,plain,run-20260923-231432,2026-09-23,5,19356.4,192.4,0.99,25.346,32,35,98.8,58.1,30.461,9.17,0.0,0,70531910,0.0006,51.04
1,0,get,0,500,express-zod,express,zod,run-20260923-231432,2026-09-23,5,19356.6,210.9,1.09,25.34,32,32,98.6,58.7,28.708,9.17,0.0,0,70642508,0.0006,50.96
1,0,get,0,500,fastify-plain,fastify,plain,run-20260923-231432,2026-09-23,5,102848.2,795.9,0.77,4.146,10,10,100.1,40.0,18.186,42.27,0.0,0,369803411,0.0001,9.73
1,0,get,0,500,fastify-schema,fastify,schema,run-20260923-231432,2026-09-23,5,99113.4,1101.9,1.11,4.334,11,11,100.3,40.1,18.117,40.74,0.0,0,355872622,0.0001,10.12
1,0,post,0,10,express-plain,express,plain,run-20260923-231432,2026-09-23,5,18122.8,151.6,0.84,0.056,2,3,98.8,31.0,12.607,9.0,0.0,0,66023521,0.0006,54.53
1,0,post,0,10,express-zod,express,zod,run-20260923-231432,2026-09-23,5,16776.0,109.7,0.65,0.06,3,3,98.8,31.4,12.853,8.33,0.0,0,61148990,0.0007,58.87
1,0,post,0,10,fastify-plain,fastify,plain,run-20260923-231432,2026-09-23,5,55040.1,280.7,0.51,0.02,0,0,99.7,32.3,12.868,23.88,0.0,0,198820910,0.0002,18.11
1,0,post,0,10,fastify-schema,fastify,schema,run-20260923-231432,2026-09-23,5,50745.6,435.5,0.86,0.02,0,0,99.6,33.2,12.798,22.02,0.0,0,183391025,0.0002,19.63
1,0,post,0,100,express-plain,express,plain,run-20260923-231432,2026-09-23,5,17358.2,265.1,1.53,5.076,10,10,98.6,39.0,18.124,8.62,0.0,0,63365534,0.0007,56.81
1,0,post,0,100,express-zod,express,zod,run-20260923-231432,2026-09-23,5,16203.9,109.5,0.68,5.858,10,10,98.7,37.3,17.94,8.05,0.0,0,59077166,0.0007,60.94
1,0,post,0,100,fastify-plain,fastify,plain,run-20260923-231432,2026-09-23,5,51944.9,383.1,0.74,1.336,5,5,99.4,38.6,14.406,22.54,0.0,0,188061963,0.0002,19.14
1,0,post,0,100,fastify-schema,fastify,schema,run-20260923-231432,2026-09-23,5,47766.3,286.7,0.6,1.388,6,6,99.5,39.5,14.257,20.73,0.0,0,172785625,0.0002,20.84
1,0,post,0,500,express-plain,express,plain,run-20260923-231432,2026-09-23,5,15925.9,276.7,1.74,30.906,37,40,98.6,57.1,35.17,7.91,0.0,0,58151451,0.0007,61.91
1,0,post,0,500,express-zod,express,zod,run-20260923-231432,2026-09-23,5,14701.4,121.7,0.83,33.524,41,44,98.9,54.2,37.342,7.3,0.0,0,53523205,0.0008,67.26
1,0,post,0,500,fastify-plain,fastify,plain,run-20260923-231432,2026-09-23,5,47651.6,1563.0,3.28,10.07,16,17,99.4,49.5,22.194,20.68,0.0,0,172516727,0.0002,20.87
1,0,post,0,500,fastify-schema,fastify,schema,run-20260923-231432,2026-09-23,5,44510.0,499.5,1.12,10.664,17,18,99.4,51.8,24.297,19.31,0.0,0,161170758,0.0003,22.34
50,0,get,0,10,express-plain,express,plain,run-20260924-023922,2026-09-24,5,14698.8,179.0,1.22,0.056,2,3,98.7,30.2,12.552,173.13,0.0,0,53614202,0.0008,67.15
50,0,get,0,10,express-zod,express,zod,run-20260924-023922,2026-09-24,5,14646.3,281.4,1.92,0.06,3,3,98.7,30.9,12.642,172.51,0.0,0,53417869,0.0008,67.39
50,0,get,0,10,fastify-plain,fastify,plain,run-20260924-023922,2026-09-24,5,36706.2,404.9,1.1,0.01,0,0,99.1,25.5,10.186,430.01,0.0,0,133361834,0.0003,26.99
50,0,get,0,10,fastify-schema,fastify,schema,run-20260924-023922,2026-09-24,5,22160.8,172.4,0.78,0.01,0,0,98.9,33.3,10.291,259.6,0.0,0,80661262,0.0005,44.63
50,0,get,0,100,express-plain,express,plain,run-20260924-023922,2026-09-24,10,14644.6,265.7,1.81,6.477,10.0,11,98.6,36.0,18.109,172.49,0.0,0,53490074,0.0008,67.3
50,0,get,0,100,express-zod,express,zod,run-20260924-023922,2026-09-24,5,14708.9,49.4,0.34,6.454,10,11,98.5,36.6,18.055,173.25,0.0,0,53731615,0.0008,67.0
50,0,get,0,100,fastify-plain,fastify,plain,run-20260924-023922,2026-09-24,10,35060.8,536.7,1.53,2.047,3.5,5,99.2,34.3,12.134,410.72,0.0,0,127272334,0.0003,28.29
50,0,get,0,100,fastify-schema,fastify,schema,run-20260924-023922,2026-09-24,5,21607.3,114.4,0.53,4.088,9,9,98.7,35.0,14.374,253.12,0.0,0,78819345,0.0005,45.67
50,0,get,0,500,express-plain,express,plain,run-20260924-023922,2026-09-24,5,13555.1,349.7,2.58,36.41,42,47,98.7,50.6,42.428,159.66,0.0,0,49430477,0.0009,72.83
50,0,get,0,500,express-zod,express,zod,run-20260924-023922,2026-09-24,5,13627.3,164.3,1.21,36.196,42,46,98.6,51.5,41.235,160.51,0.0,0,49765607,0.0009,72.34
50,0,get,0,500,fastify-plain,fastify,plain,run-20260924-023922,2026-09-24,5,34332.8,433.4,1.26,14.06,20,21,99.2,39.4,21.663,402.19,0.0,0,124651318,0.0003,28.88
50,0,get,0,500,fastify-schema,fastify,schema,run-20260924-023922,2026-09-24,5,21283.5,253.6,1.19,23.082,30,31,98.8,40.4,33.994,249.33,0.0,0,77544473,0.0005,46.42
50,0,get,5,100,express-plain,express,plain,run-20260924-122041,2026-09-24,5,11692.6,36.0,0.31,8.132,11,11,83.3,34.6,15.229,137.72,0.0,0,50542791,0.0008,71.23
50,0,get,5,100,express-zod,express,zod,run-20260924-122041,2026-09-24,5,11596.7,121.8,1.05,8.184,11,12,83.3,35.4,15.539,136.59,0.0,0,50143389,0.0008,71.79
50,0,get,5,100,fastify-plain,fastify,plain,run-20260924-122041,2026-09-24,5,14939.7,68.3,0.46,6.446,9,10,48.7,34.2,13.184,175.02,0.0,0,110547375,0.0004,32.57
50,0,get,5,100,fastify-schema,fastify,schema,run-20260924-122041,2026-09-24,5,12411.2,53.9,0.43,7.336,11,11,61.8,35.2,14.513,145.39,0.0,0,72329998,0.0006,49.77
50,0,get,50,100,express-plain,express,plain,run-20260924-122041,2026-09-24,5,1955.0,2.2,0.11,50.646,54,54,18.0,32.4,12.213,23.03,0.0,0,39157068,0.0011,91.94
50,0,get,50,100,express-zod,express,zod,run-20260924-122041,2026-09-24,5,1953.4,2.4,0.12,50.692,54,54,18.2,33.1,12.313,23.01,0.0,0,38662849,0.0011,93.11
50,0,get,50,100,fastify-plain,fastify,plain,run-20260924-122041,2026-09-24,5,1949.9,6.7,0.34,50.82,54,55,8.9,33.9,12.283,22.84,0.0,0,79072367,0.0005,45.53
50,0,get,50,100,fastify-schema,fastify,schema,run-20260924-122041,2026-09-24,5,1923.8,9.3,0.48,51.476,56,57,12.7,35.0,13.335,22.54,0.0,0,54650643,0.0008,65.87
50,0,post,0,10,express-plain,express,plain,run-20260924-023922,2026-09-24,5,18269.6,135.0,0.74,0.056,2,3,98.8,31.0,12.607,9.08,0.0,0,66556422,0.0006,54.09
50,0,post,0,10,express-zod,express,zod,run-20260924-023922,2026-09-24,5,16802.9,133.0,0.79,0.06,3,3,98.8,31.5,12.812,8.35,0.0,0,61240253,0.0007,58.78
50,0,post,0,10,fastify-plain,fastify,plain,run-20260924-023922,2026-09-24,5,54806.8,425.2,0.78,0.02,0,0,99.7,32.1,12.902,23.78,0.0,0,197994805,0.0002,18.18
50,0,post,0,10,fastify-schema,fastify,schema,run-20260924-023922,2026-09-24,5,50982.2,316.7,0.62,0.02,0,0,99.6,33.2,12.714,22.12,0.0,0,184255710,0.0002,19.54
50,0,post,0,100,express-plain,express,plain,run-20260924-023922,2026-09-24,5,17319.9,173.6,1.0,5.084,9,9,98.6,39.7,17.583,8.61,0.0,0,63227171,0.0007,56.94
50,0,post,0,100,express-zod,express,zod,run-20260924-023922,2026-09-24,5,16112.0,56.7,0.35,5.904,11,11,98.6,37.9,17.444,8.01,0.0,0,58830576,0.0007,61.19
50,0,post,0,100,fastify-plain,fastify,plain,run-20260924-023922,2026-09-24,5,52054.7,638.5,1.23,1.33,5,5,99.6,38.5,14.307,22.59,0.0,0,188149755,0.0002,19.13
50,0,post,0,100,fastify-schema,fastify,schema,run-20260924-023922,2026-09-24,5,47276.1,627.7,1.33,1.41,6,6,99.6,38.8,14.503,20.51,0.0,0,170925512,0.0002,21.06
50,0,post,0,500,express-plain,express,plain,run-20260924-023922,2026-09-24,5,16088.6,150.2,0.93,30.596,37,39,98.6,55.7,35.684,7.99,0.0,0,58748842,0.0007,61.28
50,0,post,0,500,express-zod,express,zod,run-20260924-023922,2026-09-24,5,14644.0,148.5,1.01,33.652,41,41,98.6,54.0,37.342,7.28,0.0,0,53466916,0.0008,67.33
50,0,post,0,500,fastify-plain,fastify,plain,run-20260924-023922,2026-09-24,5,47916.7,1143.1,2.39,10.012,16,17,99.3,49.7,23.776,20.79,0.0,0,173697635,0.0002,20.73
50,0,post,0,500,fastify-schema,fastify,schema,run-20260924-023922,2026-09-24,5,44189.2,1021.4,2.31,10.752,18,18,99.2,52.7,22.882,19.17,0.0,0,160320890,0.0003,22.45
50,0,post,5,100,express-plain,express,plain,run-20260924-122041,2026-09-24,5,13579.4,24.3,0.18,6.926,11,11,84.7,37.3,15.309,6.75,0.0,0,57734888,0.0007,62.35
50,0,post,5,100,express-zod,express,zod,run-20260924-122041,2026-09-24,5,13600.2,57.3,0.42,6.9,12,12,88.7,38.2,15.619,6.76,0.0,0,55200060,0.0008,65.22
50,0,post,5,100,fastify-plain,fastify,plain,run-20260924-122041,2026-09-24,5,17216.6,29.9,0.17,5.182,8,8,36.6,36.7,12.419,7.47,0.0,0,169551839,0.0003,21.23
50,0,post,5,100,fastify-schema,fastify,schema,run-20260924-122041,2026-09-24,5,16928.9,29.9,0.18,5.336,8,8,37.4,38.2,12.486,7.35,0.0,0,163076280,0.0003,22.08
50,0,post,50,100,express-plain,express,plain,run-20260924-122041,2026-09-24,5,1973.6,1.9,0.1,50.154,53,53,17.3,33.9,11.895,0.98,0.0,0,40988200,0.001,87.83
50,0,post,50,100,express-zod,express,zod,run-20260924-122041,2026-09-24,5,1974.3,0.8,0.04,50.136,53,53,17.8,34.7,11.926,0.98,0.0,0,39950257,0.0011,90.11
50,0,post,50,100,fastify-plain,fastify,plain,run-20260924-122041,2026-09-24,5,1967.1,1.6,0.08,50.332,53,54,8.0,35.3,11.513,0.85,0.0,0,89040442,0.0005,40.43
50,0,post,50,100,fastify-schema,fastify,schema,run-20260924-122041,2026-09-24,5,1968.3,1.8,0.09,50.296,53,54,8.4,36.6,11.556,0.85,0.0,0,84379022,0.0005,42.66
50,50,get,0,100,express-plain,express,plain,run-20261005-164343,2026-10-05,5,14083.6,50.4,0.36,6.69,11,11,98.5,36.3,18.609,165.88,0.0,0,51452760,0.0008,69.97
50,50,get,0,100,fastify-plain,fastify,plain,run-20261005-164343,2026-10-05,5,34962.6,600.1,1.72,2.056,3,5,99.0,34.5,12.154,409.59,0.0,0,127116807,0.0003,28.32
50,200,get,0,100,express-plain,express,plain,run-20261005-170050,2026-10-05,5,12201.8,122.5,1.0,7.772,12,13,98.6,36.7,19.798,143.72,0.0,0,44564594,0.001,80.78
50,200,get,0,100,fastify-plain,fastify,plain,run-20261005-170050,2026-10-05,5,34627.3,461.7,1.33,2.066,3,5,99.0,36.1,12.106,405.65,0.0,0,125880590,0.0003,28.6
200,0,get,0,10,express-plain,express,plain,run-20260924-085547,2026-09-24,5,6918.6,57.2,0.83,0.82,3,3,98.5,29.9,11.928,324.13,0.0,0,25286396,0.0017,142.37
200,0,get,0,10,express-zod,express,zod,run-20260924-085547,2026-09-24,5,6935.6,16.2,0.23,0.788,3,3,98.5,30.2,12.344,324.93,0.0,0,25351937,0.0017,142.0
200,0,get,0,10,fastify-plain,fastify,plain,run-20260924-085547,2026-09-24,5,10968.5,178.2,1.63,0.15,1,1,98.6,30.1,10.527,513.18,0.0,0,40058802,0.0011,89.87
200,0,get,0,10,fastify-schema,fastify,schema,run-20260924-085547,2026-09-24,5,6344.6,31.1,0.49,1.15,2,2,98.6,33.1,11.072,296.84,0.0,0,23154648,0.0018,155.48
200,0,get,0,100,express-plain,express,plain,run-20260924-085547,2026-09-24,5,6766.9,47.6,0.7,14.152,19,22,98.5,35.3,17.967,317.03,0.0,0,24739414,0.0017,145.52
200,0,get,0,100,express-zod,express,zod,run-20260924-085547,2026-09-24,5,6736.0,53.2,0.79,14.244,19,19,98.5,35.9,17.954,315.59,0.0,0,24618003,0.0017,146.23
200,0,get,0,100,fastify-plain,fastify,plain,run-20260924-085547,2026-09-24,5,11017.4,48.8,0.44,8.344,17,17,98.7,34.3,18.76,515.49,0.0,0,40188836,0.0011,89.58
200,0,get,0,100,fastify-schema,fastify,schema,run-20260924-085547,2026-09-24,5,6301.3,28.1,0.45,15.222,30,31,98.8,35.5,16.264,294.81,0.0,0,22954369,0.0019,156.83
200,0,get,0,500,express-plain,express,plain,run-20260924-085547,2026-09-24,5,6554.4,94.4,1.44,74.578,84,84,98.5,44.9,82.641,307.08,0.024,0,23964877,0.0018,150.22
200,0,get,0,500,express-zod,express,zod,run-20260924-085547,2026-09-24,5,6552.6,100.6,1.53,74.78,84,85,98.4,45.8,82.706,306.99,0.02,0,23963153,0.0018,150.23
200,0,get,0,500,fastify-plain,fastify,plain,run-20260924-085547,2026-09-24,5,10880.1,226.2,2.08,45.402,52,54,98.6,39.6,53.766,509.05,0.002,0,39731604,0.0011,90.61
200,0,get,0,500,fastify-schema,fastify,schema,run-20260924-085547,2026-09-24,5,6300.8,47.6,0.76,77.274,86,87,98.6,40.0,83.729,294.79,0.031,0,23010243,0.0018,156.45
200,0,post,0,10,express-plain,express,plain,run-20260924-085547,2026-09-24,5,18042.7,366.1,2.03,0.06,3,3,99.0,30.9,12.678,8.96,0.0,0,65635423,0.0006,54.85
200,0,post,0,10,express-zod,express,zod,run-20260924-085547,2026-09-24,5,16666.5,188.0,1.13,0.06,3,3,98.8,31.7,12.883,8.28,0.0,0,60727818,0.0007,59.28
200,0,post,0,10,fastify-plain,fastify,plain,run-20260924-085547,2026-09-24,5,55082.7,379.7,0.69,0.02,0,0,99.7,32.0,12.94,23.9,0.0,0,198916375,0.0002,18.1
200,0,post,0,10,fastify-schema,fastify,schema,run-20260924-085547,2026-09-24,5,50750.4,261.1,0.51,0.02,0,0,99.6,33.5,12.912,22.02,0.0,0,183402595,0.0002,19.63
200,0,post,0,100,express-plain,express,plain,run-20260924-085547,2026-09-24,5,17243.7,549.9,3.19,5.164,9,10,98.9,38.0,17.77,8.57,0.0,0,62744530,0.0007,57.38
200,0,post,0,100,express-zod,express,zod,run-20260924-085547,2026-09-24,5,16072.7,135.6,0.84,5.886,11,11,98.6,38.0,17.921,7.99,0.0,0,58686557,0.0007,61.34
200,0,post,0,100,fastify-plain,fastify,plain,run-20260924-085547,2026-09-24,5,51938.0,218.7,0.42,1.336,5,5,99.4,38.5,14.397,22.54,0.0,0,188094874,0.0002,19.14
200,0,post,0,100,fastify-schema,fastify,schema,run-20260924-085547,2026-09-24,5,47527.2,210.5,0.44,1.398,6,6,99.4,38.9,14.379,20.62,0.0,0,172156856,0.0002,20.91
200,0,post,0,500,express-plain,express,plain,run-20260924-085547,2026-09-24,5,16154.2,146.2,0.9,30.464,37,37,98.7,56.3,33.6,8.03,0.0,0,58897792,0.0007,61.12
200,0,post,0,500,express-zod,express,zod,run-20260924-085547,2026-09-24,5,14441.1,429.1,2.97,34.162,41,44,98.8,53.6,37.578,7.18,0.0,0,52639688,0.0008,68.39
200,0,post,0,500,fastify-plain,fastify,plain,run-20260924-085547,2026-09-24,5,47213.2,1683.6,3.57,10.168,17,17,99.3,50.7,20.251,20.49,0.0,0,171217286,0.0002,21.03
200,0,post,0,500,fastify-schema,fastify,schema,run-20260924-085547,2026-09-24,5,44640.0,475.4,1.06,10.634,17,17,99.3,50.3,24.569,19.37,0.0,0,161886154,0.0003,22.24
