arm,framework,variant,endpoint,concurrency,rep,io_ms,rps_mean,rps_stddev,total_requests,lat_mean_ms,lat_p50_ms,lat_p95_ms,lat_p99_ms,lat_max_ms,non2xx,errors,timeouts,throughput_mb,cpu_samples,cpu_mean_pct,cpu_max_pct,mem_mean_mb,mem_max_mb,loop_p99_ms,loop_max_ms,rss_final_mb,link_util_pct,link_speed_mbps
express-plain,express,plain,get,100,1,0,21996.54,308.35,1319769,3.83,3,7,8,214,0,0,0,10.425520839691162,120,98.729,100.76,36.08583333333333,36.68,15.515647,21.135359,82.7109375,0,0
express-plain,express,plain,get,100,2,0,21137.34,597.34,1268223,4.4,4,8,9,152,0,0,0,10.018098964691163,120,98.74366666666667,100.79,36.752,37.59,18.350079,19.349503,83.18359375,0,0
express-plain,express,plain,get,100,3,0,22473.34,719.56,1348337,3.75,3,8,8,188,0,0,0,10.651171875,120,98.74433333333333,100.78,38.66866666666667,39.3,17.055743,21.577727,83.23828125,0,0
express-plain,express,plain,get,100,4,0,21987.74,630.95,1319218,3.9,3,8,9,272,0,0,0,10.421223964691162,120,98.7005,100.76,37.727666666666664,38.32,17.416191,20.152319,84.125,0,0
express-plain,express,plain,get,100,5,0,22291.2,231.8,1337437,3.77,3,8,9,71,0,0,0,10.565104169845581,120,98.71216666666666,100.72,37.83583333333333,38.68,17.301503,20.201471,83.53125,0,0
express-plain,express,plain,get,10,1,0,22640.54,392.99,1358398,0.05,0,0,2,8,0,0,0,10.730989589691163,120,98.77416666666667,105.41,30.606333333333332,30.98,12.558335,14.426111,79.3828125,0,0
express-plain,express,plain,get,10,2,0,22243.74,549.43,1334624,0.05,0,0,2,8,0,0,0,10.543098964691161,120,98.78083333333333,100.82,30.993666666666666,32.0,12.484607,18.006015,79.1328125,0,0
express-plain,express,plain,get,10,3,0,21352.27,576.69,1281073,0.05,0,0,2,6,0,0,0,10.12018229484558,120,99.56766666666667,100.83,30.529666666666667,30.79,12.599295,14.180351,78.9609375,0,0
express-plain,express,plain,get,10,4,0,22237.34,341.03,1334198,0.05,0,0,2,6,0,0,0,10.54010416984558,120,98.762,100.75,31.643166666666666,32.91,12.648447,15.245311,78.8125,0,0
express-plain,express,plain,get,10,5,0,22496,408.1,1349765,0.05,0,0,2,7,0,0,0,10.6625,120,98.775,100.82,30.8485,32.05,12.443647,13.746175,79.27734375,0,0
express-plain,express,plain,get,500,1,0,19568.27,261.78,1174085,25.06,25,31,31,4605,0,0,0,9.275130214691162,120,98.66483333333333,100.66,58.21816666666667,58.83,28.377087,35.782655,99.734375,0,0
express-plain,express,plain,get,500,2,0,19343.2,210.97,1160573,25.35,26,31,32,4152,0,0,0,9.168229169845581,120,98.65183333333333,100.66,57.92366666666667,58.55,31.588351,32.063487,99.81640625,0,0
express-plain,express,plain,get,500,3,0,19406.94,259.37,1164420,25.3,26,31,32,3887,0,0,0,9.198958339691162,120,98.5855,100.71,58.82083333333333,59.43,28.606463,30.261247,100,0,0
express-plain,express,plain,get,500,4,0,19045.41,795.59,1142680,25.76,26,34,35,5074,0,0,0,9.02692057609558,120,99.4235,100.77,57.93116666666667,58.38,34.373631,35.717119,99.2734375,0,0
express-plain,express,plain,get,500,5,0,19418.14,259.72,1165081,25.26,26,31,31,3960,0,0,0,9.20390625,120,98.6565,100.79,57.78,58.28,29.360127,30.441471,99.73046875,0,0
express-plain,express,plain,post,100,1,0,17452.47,422.25,1047139,5.04,4,9,9,132,0,0,0,8.671582040786744,120,98.60683333333333,100.67,39.05416666666667,39.91,17.252351,23.937023,84.53515625,0,0
express-plain,express,plain,post,100,2,0,17736.74,257.34,1064142,4.93,4,10,10,201,0,0,0,8.812141933441161,120,98.6265,100.61,41.23983333333334,42.48,19.595263,22.052863,88.83984375,0,0
express-plain,express,plain,post,100,3,0,17258.14,427.55,1035401,5.1,4,9,10,307,0,0,0,8.573893232345581,120,98.62650000000001,100.65,38.894,39.88,17.448959,23.019519,84.70703125,0,0
express-plain,express,plain,post,100,4,0,17329,358.28,1039721,5.09,4,9,10,314,0,0,0,8.60986328125,120,98.613,100.61,37.717,38.54,17.252351,22.642687,83.76953125,0,0
express-plain,express,plain,post,100,5,0,17014.6,892.69,1020876,5.22,4,9,10,177,0,0,0,8.454264326095581,120,98.6145,100.65,38.0755,38.75,19.070975,23.871487,84.46484375,0,0
express-plain,express,plain,post,10,1,0,18264.8,365.28,1095901,0.05,0,1,2,8,0,0,0,9.075130214691162,120,98.663,100.62,30.399333333333335,31.1,12.525567,16.605183,79.86328125,0,0
express-plain,express,plain,post,10,2,0,18309.34,425.57,1098540,0.05,0,1,2,14,0,0,0,9.096614589691162,120,98.674,100.68,30.939833333333333,33.03,12.468223,16.572415,79.12109375,0,0
express-plain,express,plain,post,10,3,0,18038.67,407.98,1082323,0.06,0,1,2,9,0,0,0,8.962630214691162,120,98.661,100.69,31.640833333333333,32.45,12.754943,16.941055,79.4375,0,0
express-plain,express,plain,post,10,4,0,18008.2,408.37,1080507,0.06,0,1,2,10,0,0,0,8.947395839691161,120,98.65633333333334,100.63,31.391833333333334,32.42,12.648447,16.695295,79.19921875,0,0
express-plain,express,plain,post,10,5,0,17993.14,424.54,1079623,0.06,0,1,3,12,0,0,0,8.94072265625,120,99.42858333333334,100.65,30.710833333333333,32.04,12.640255,16.990207,79.21875,0,0
express-plain,express,plain,post,500,1,0,16109.74,233.36,966563,30.56,30,37,37,5299,0,0,0,8.004166669845581,120,98.59816666666667,100.62,57.1095,57.66,33.177599,39.419903,98.14453125,0,0
express-plain,express,plain,post,500,2,0,16198.74,175.66,971901,30.38,30,36,37,5791,0,0,0,8.04879557609558,120,98.56283333333333,100.62,56.774,57.51,33.423359,34.439167,98.3046875,0,0
express-plain,express,plain,post,500,3,0,15681.2,481.88,940817,31.37,31,39,40,5418,0,0,0,7.791015625,120,98.597,100.67,55.229,55.64,35.717119,36.929535,97.1484375,0,0
express-plain,express,plain,post,500,4,0,15579.47,211.39,934795,31.59,32,39,40,4384,0,0,0,7.741080732345581,120,98.58083333333333,100.66,57.95616666666667,58.75,40.796159,43.220991,99.5703125,0,0
express-plain,express,plain,post,500,5,0,16060.54,176.89,963598,30.63,30,37,37,5443,0,0,0,7.979752607345581,120,98.62716666666667,100.61,58.436,58.92,32.735231,40.501247,99.65625,0,0
express-zod,express,zod,get,100,1,0,22061.87,312.94,1323715,3.82,3,8,9,229,0,0,0,10.457552089691163,120,98.68633333333334,100.69,38.8545,39.48,17.563647,22.134783,84.08984375,0,0
express-zod,express,zod,get,100,2,0,22517.07,224.36,1350977,3.73,3,8,9,222,0,0,0,10.672005214691161,120,98.67666666666666,100.79,40.413333333333334,41.4,17.301503,22.593535,84.48046875,0,0
express-zod,express,zod,get,100,3,0,22401.34,247.04,1344057,3.74,3,8,9,24,0,0,0,10.617057294845582,120,98.7095,100.72,39.245666666666665,40.1,17.268735,18.268159,84.3828125,0,0
express-zod,express,zod,get,100,4,0,22287.47,275.46,1337227,3.77,3,8,9,222,0,0,0,10.563802089691162,120,98.65066666666667,100.66,36.24816666666666,38.37,17.530879,19.857407,83.5234375,0,0
express-zod,express,zod,get,100,5,0,21962.4,331.98,1317721,3.85,3,8,8,180,0,0,0,10.409114589691162,120,98.70466666666667,100.66,39.04816666666667,39.44,15.704063,19.169279,84.015625,0,0
express-zod,express,zod,get,10,1,0,22453.6,319.59,1347159,0.05,0,0,2,7,0,0,0,10.64205729484558,120,98.75783333333334,100.73,31.431166666666666,32.44,12.632063,17.039359,79.59765625,0,0
express-zod,express,zod,get,10,2,0,22433.34,389.97,1345997,0.05,0,0,2,5,0,0,0,10.633333339691163,120,98.71633333333334,100.81,31.455333333333332,32.05,12.656639,14.163967,79.95703125,0,0
express-zod,express,zod,get,10,3,0,22371.74,408.87,1342288,0.05,0,0,2,5,0,0,0,10.603776044845581,120,98.787,100.85,30.838666666666665,31.23,12.648447,14.172159,79.7109375,0,0
express-zod,express,zod,get,10,4,0,22202.67,629.13,1332137,0.05,0,0,2,6,0,0,0,10.52252604484558,120,98.70666666666666,100.72,31.061833333333333,31.82,12.664831,14.393343,79.91796875,0,0
express-zod,express,zod,get,10,5,0,22397.6,326,1343847,0.05,0,0,2,6,0,0,0,10.615494794845581,120,98.788,100.8,32.04083333333333,33.38,12.664831,14.131199,79.91796875,0,0
express-zod,express,zod,get,500,1,0,19601.34,293.89,1176074,25.02,26,31,31,3522,0,0,0,9.290625,120,98.6665,100.66,58.86116666666667,59.53,28.098559,32.161791,101.15625,0,0
express-zod,express,zod,get,500,2,0,19042.94,160.84,1142590,25.74,26,31,32,4709,0,0,0,9.02578125,120,98.652,100.69,58.88333333333333,59.55,30.572543,33.112063,100.75,0,0
express-zod,express,zod,get,500,3,0,19312,239.07,1158698,25.39,26,31,32,4227,0,0,0,9.152864589691163,120,98.64483333333334,100.69,58.32533333333333,59.34,28.459007,29.114367,101.6640625,0,0
express-zod,express,zod,get,500,4,0,19338.67,235.7,1160307,25.38,26,31,32,4541,0,0,0,9.165755214691162,120,98.58816666666667,100.67,58.824,59.38,28.278783,30.474239,100.078125,0,0
express-zod,express,zod,get,500,5,0,19488,223.98,1169276,25.17,26,31,31,3833,0,0,0,9.237239589691162,120,98.66233333333334,100.71,58.8365,59.25,28.131327,30.113791,100.2890625,0,0
express-zod,express,zod,post,100,1,0,16132.47,297.69,967894,5.9,5,10,10,324,0,0,0,8.015332040786744,120,98.59966666666666,100.6,38.17816666666667,38.57,18.104319,23.625727,82.96484375,0,0
express-zod,express,zod,post,100,2,0,16223.47,286.79,973392,5.87,5,10,10,336,0,0,0,8.060319013595581,120,99.34591666666667,100.58,38.32491666666667,39.21,17.858559,23.314431,84.109375,0,0
express-zod,express,zod,post,100,3,0,16370.94,290.32,982257,5.75,5,10,10,340,0,0,0,8.134309902191163,120,98.60183333333333,100.6,36.686166666666665,38.11,17.858559,23.150591,82.94921875,0,0
express-zod,express,zod,post,100,4,0,16209.34,324.08,972505,5.87,5,10,10,343,0,0,0,8.05367838859558,120,98.58316666666667,100.62,36.905833333333334,37.51,17.924095,25.280511,82.78515625,0,0
express-zod,express,zod,post,100,5,0,16083.34,321.2,964959,5.9,5,10,10,204,0,0,0,7.99140625,120,98.58033333333333,100.63,36.5165,36.84,17.956863,23.429119,82.96484375,0,0
express-zod,express,zod,post,10,1,0,16729.6,316.63,1003705,0.06,0,1,3,13,0,0,0,8.31158854484558,120,98.56266666666667,100.66,31.477833333333333,31.81,12.894207,21.512191,80.29296875,0,0
express-zod,express,zod,post,10,2,0,16621.47,365,997227,0.06,0,1,3,8,0,0,0,8.257682294845582,120,98.60716666666667,100.63,31.391666666666666,32.06,12.926975,16.777215,79.84375,0,0
express-zod,express,zod,post,10,3,0,16776.6,425.56,1006501,0.06,0,1,3,8,0,0,0,8.3349609375,120,98.62783333333333,100.76,31.654,33.11,12.787711,16.162815,79.82421875,0,0
express-zod,express,zod,post,10,4,0,16908.54,361.03,1014438,0.06,0,1,3,9,0,0,0,8.40094401359558,120,99.37175,100.58,31.102083333333333,33.07,12.918783,17.170431,80.08984375,0,0
express-zod,express,zod,post,10,5,0,16843.6,304.08,1010643,0.06,0,1,3,9,0,0,0,8.368847665786744,120,98.65283333333333,100.7,31.19183333333333,31.47,12.738559,16.809983,79.9453125,0,0
express-zod,express,zod,post,500,1,0,14566,243.23,873935,33.82,33,41,41,5543,0,0,0,7.2370442771911625,120,98.55616666666667,100.68,52.26316666666666,53.14,36.470783,41.943039,94.265625,0,0
express-zod,express,zod,post,500,2,0,14590,215.34,875356,33.77,34,43,44,7025,0,0,0,7.248958339691162,120,98.57983333333334,100.59,54.08316666666666,54.82,43.155455,45.318143,96.18359375,0,0
express-zod,express,zod,post,500,3,0,14838.4,358.61,890280,33.21,33,40,40,4689,0,0,0,7.372395839691162,120,99.30775,100.65,54.51883333333333,54.86,36.274175,49.774591,96.234375,0,0
express-zod,express,zod,post,500,4,0,14799.6,170.36,887954,33.31,33,40,41,3156,0,0,0,7.3532552146911625,120,99.34616666666666,100.66,55.1255,55.55,34.996223,55.312383,96.75390625,0,0
express-zod,express,zod,post,500,5,0,14712.8,236.52,882724,33.51,33,40,41,6156,0,0,0,7.310026044845581,120,98.62083333333334,100.7,55.048833333333334,55.74,35.815423,41.680895,96.69140625,0,0
fastify-plain,fastify,plain,get,100,1,0,111481.6,645.34,6688646,0.01,0,0,0,74,0,0,0,45.82083333969116,120,101.4245,102.92,29.09525,29.98,10.862591,12.812287,75.5390625,0,0
fastify-plain,fastify,plain,get,100,2,0,112112,859.1,6726736,0.01,0,0,0,53,0,0,0,46.08020833969116,120,101.3095,102.83,29.974833333333333,30.73,10.780671,20.119551,76.3203125,0,0
fastify-plain,fastify,plain,get,100,3,0,112456.54,957.65,6747429,0.01,0,0,0,60,0,0,0,46.223958339691166,120,100.536,102.83,29.739833333333333,30.52,10.747903,13.402111,76.73046875,0,0
fastify-plain,fastify,plain,get,100,4,0,109544.54,1903.63,6572458,0.01,0,0,0,84,0,0,0,45.024479169845584,120,101.54175000000001,103.09,29.589916666666667,30.16,10.797055,15.900671,75.6875,0,0
fastify-plain,fastify,plain,get,100,5,0,111324.8,986.41,6679468,0.01,0,0,0,64,0,0,0,45.75729166984558,120,100.5215,102.66,29.0285,29.52,10.821631,14.499839,75.9609375,0,0
fastify-plain,fastify,plain,get,10,1,0,113324.8,399.48,6799645,0.01,0,0,0,8,0,0,0,46.58125,120,100.8895,103.06,23.433,24.18,10.067967,11.804671,73.0859375,0,0
fastify-plain,fastify,plain,get,10,2,0,113784.54,242.05,6827246,0.01,0,0,0,10,0,0,0,46.77135416984558,120,100.90866666666666,103.04,23.622,24.34,10.067967,18.513919,72.9765625,0,0
fastify-plain,fastify,plain,get,10,3,0,114813.87,325.6,6888307,0.01,0,0,0,10,0,0,0,47.1890625,120,100.93866666666666,103.05,24.027833333333334,24.74,10.067967,18.415615,72.77734375,0,0
fastify-plain,fastify,plain,get,10,4,0,114088.54,297.33,6845664,0.01,0,0,0,5,0,0,0,46.897395839691164,120,100.89383333333333,103.16,23.7915,24.24,10.084351,12.091391,73.17578125,0,0
fastify-plain,fastify,plain,get,10,5,0,114584.54,216.12,6874808,0.01,0,0,0,7,0,0,0,47.09739583969116,120,100.969,103.18,23.485,23.94,10.067967,16.130047,72.96875,0,0
fastify-plain,fastify,plain,get,500,1,0,102187.74,1681.33,6131400,4.16,4,5,10,879,0,0,0,42.00260416984558,120,100.25116666666666,102.59,39.65416666666667,40.15,18.644991,20.709375,83.078125,0,0
fastify-plain,fastify,plain,get,500,2,0,102160,1138.99,6129564,4.15,4,6,10,914,0,0,0,41.99010416984558,120,100.06966666666666,102.28,39.32483333333333,39.97,17.088511,22.298623,83.5546875,0,0
fastify-plain,fastify,plain,get,500,3,0,102789.34,1596.04,6167221,4.14,4,5,10,981,0,0,0,42.24947916984558,120,100.04566666666666,102.24,41.2685,41.97,18.415615,19.578879,84.29296875,0,0
fastify-plain,fastify,plain,get,500,4,0,104113.07,1505.79,6246661,4.14,4,6,10,707,0,0,0,42.79114583969116,120,100.03883333333333,102.31,40.100833333333334,40.73,18.284543,29.376511,83.84765625,0,0
fastify-plain,fastify,plain,get,500,5,0,102990.94,1034.67,6179498,4.14,4,5,10,1176,0,0,0,42.334375,120,100.20333333333333,102.42,39.81783333333333,40.82,18.497535,20.922367,83.625,0,0
fastify-plain,fastify,plain,post,100,1,0,51420.27,640.14,3085155,1.34,1,5,5,147,0,0,0,22.31276041984558,120,99.36566666666667,101.46,38.9435,39.41,14.581759,15.876095,84.8046875,0,0
fastify-plain,fastify,plain,post,100,2,0,51859.74,682.82,3111592,1.33,1,5,5,175,0,0,0,22.502604169845583,120,99.4005,101.48,38.0615,38.96,14.344191,16.941055,84.4296875,0,0
fastify-plain,fastify,plain,post,100,3,0,52285.87,729.89,3137060,1.33,1,5,5,127,0,0,0,22.68854166984558,120,99.45766666666667,101.61,39.524166666666666,39.94,14.376959,22.691839,84.7578125,0,0
fastify-plain,fastify,plain,post,100,4,0,52355.2,726.65,3141354,1.34,1,5,5,67,0,0,0,22.718229169845582,120,99.58866666666667,101.64,38.58883333333333,38.96,14.295039,16.924671,84.18359375,0,0
fastify-plain,fastify,plain,post,100,5,0,51803.2,600.06,3108207,1.34,1,5,5,122,0,0,0,22.47838541984558,120,99.368,101.46,37.696,38.09,14.434303,18.448383,84.55859375,0,0
fastify-plain,fastify,plain,post,10,1,0,54916.27,562.24,3294964,0.02,0,0,0,7,0,0,0,23.82916666984558,120,99.64766666666667,101.69,31.709333333333333,31.88,12.787711,14.417919,81.1484375,0,0
fastify-plain,fastify,plain,post,10,2,0,55312,653.86,3318731,0.02,0,0,0,9,0,0,0,24.00208333969116,120,99.68283333333333,101.67,32.958666666666666,33.57,12.894207,16.293887,81.08203125,0,0
fastify-plain,fastify,plain,post,10,3,0,55315.2,606.06,3318988,0.02,0,0,0,11,0,0,0,24.00390625,120,99.66616666666667,101.79,32.18633333333333,32.47,12.967935,14.237695,81.078125,0,0
fastify-plain,fastify,plain,post,10,4,0,55002.67,542.99,3300253,0.02,0,0,0,10,0,0,0,23.86744791984558,120,99.664,101.73,32.068666666666665,32.38,12.902399,19.578879,80.953125,0,0
fastify-plain,fastify,plain,post,10,5,0,54654.4,473.36,3279174,0.02,0,0,0,9,0,0,0,23.71510416984558,120,99.638,101.82,32.8035,33.24,12.787711,13.754367,81.24609375,0,0
fastify-plain,fastify,plain,post,500,1,0,49062.4,1189.9,2943780,9.78,8,15,15,525,0,0,0,21.2890625,120,99.30633333333333,101.49,49.82366666666667,50.64,16.859135,33.439743,92.1953125,0,0
fastify-plain,fastify,plain,post,500,2,0,48766.4,983.37,2925877,9.85,8,15,16,2027,0,0,0,21.1609375,120,99.19316666666667,101.37,49.597,50.12,24.707071,26.509311,91.80859375,0,0
fastify-plain,fastify,plain,post,500,3,0,46409.07,588.12,2784382,10.33,8,16,17,1633,0,0,0,20.13567708969116,120,99.3175,101.66,50.43366666666667,52.79,22.282239,26.607615,95.91015625,0,0
fastify-plain,fastify,plain,post,500,4,0,48454.4,730.5,2907252,9.88,8,15,16,2122,0,0,0,21.025,120,100.096,101.75,47.62591666666667,48.14,24.641535,25.870335,91.41796875,0,0
fastify-plain,fastify,plain,post,500,5,0,45565.87,548.73,2733878,10.51,9,16,17,1534,0,0,0,19.77109375,120,99.27316666666667,101.62,49.96633333333333,52.49,22.478847,24.018943,95.2734375,0,0
fastify-schema,fastify,schema,get,100,1,0,105003.74,1713.38,6299942,0.05,0,1,1,61,0,0,0,43.159375,120,100.67333333333333,102.98,36.661833333333334,37.55,10.731519,16.736255,81.8125,0,0
fastify-schema,fastify,schema,get,100,2,0,105620.27,737.76,6337405,0.04,0,1,1,45,0,0,0,43.4171875,120,100.36716666666666,102.6,36.455666666666666,37.12,10.567679,13.975551,81.67578125,0,0
fastify-schema,fastify,schema,get,100,3,0,105437.87,767.02,6326484,0.05,0,1,1,56,0,0,0,43.3390625,120,101.26641666666667,102.68,35.58875,36.41,10.616831,13.885439,81.57421875,0,0
fastify-schema,fastify,schema,get,100,4,0,105120,1746.67,6306963,0.07,0,1,1,71,0,0,0,43.20729166984558,120,100.33516666666667,102.5,36.249833333333335,37.49,10.739711,17.842175,81.96484375,0,0
fastify-schema,fastify,schema,get,100,5,0,106611.2,999.67,6396603,0.03,0,0,1,70,0,0,0,43.81979166984558,120,101.18541666666667,102.58,35.71958333333333,36.79,10.477567,15.155199,81.7890625,0,0
fastify-schema,fastify,schema,get,10,1,0,110867.2,592.92,6652360,0.01,0,0,0,10,0,0,0,45.57083333969116,120,101.47291666666666,102.89,25.373083333333334,25.89,10.067967,11.608063,75.140625,0,0
fastify-schema,fastify,schema,get,10,2,0,110011.74,1150.66,6600675,0.01,0,0,0,14,0,0,0,45.217708339691164,120,100.8635,103.11,25.4055,25.87,10.067967,15.892479,74.91015625,0,0
fastify-schema,fastify,schema,get,10,3,0,111097.6,283.15,6665748,0.01,0,0,0,9,0,0,0,45.6640625,120,100.75016666666667,102.92,25.996,26.32,10.076159,14.835711,75.02734375,0,0
fastify-schema,fastify,schema,get,10,4,0,110876.8,397.7,6652470,0.01,0,0,0,8,0,0,0,45.57291666984558,120,100.815,103.08,25.002666666666666,25.78,10.092543,15.515647,75.3359375,0,0
fastify-schema,fastify,schema,get,10,5,0,110872.54,570.66,6652247,0.01,0,0,0,6,0,0,0,45.56979166984558,120,100.81333333333333,103.0,26.016166666666667,26.34,10.076159,14.614527,74.9609375,0,0
fastify-schema,fastify,schema,get,500,1,0,100062.94,989.11,6003753,4.19,4,5,11,746,0,0,0,41.130208339691166,120,100.01616666666666,102.14,39.97566666666667,40.56,18.120703,23.822335,83.9765625,0,0
fastify-schema,fastify,schema,get,500,2,0,98264.54,885.05,5895796,4.39,4,7,11,1103,0,0,0,40.390625,120,100.04033333333334,102.18,39.6495,40.63,17.874943,22.806527,83.6640625,0,0
fastify-schema,fastify,schema,get,500,3,0,98992,1064.13,5939538,4.3,4,5,11,1093,0,0,0,40.68802083969116,120,100.2305,102.44,39.529,40.3,19.595263,20.299775,84.06640625,0,0
fastify-schema,fastify,schema,get,500,4,0,97854.94,1993.77,5871303,4.6,4,7,11,920,0,0,0,40.22135416984558,120,100.775,102.42,39.90375,40.81,17.743871,23.068671,83.90625,0,0
fastify-schema,fastify,schema,get,500,5,0,100392.54,1291.5,6023492,4.19,4,6,11,316,0,0,0,41.26510416984558,120,100.2525,102.62,41.2775,42.02,17.252351,22.757375,84.125,0,0
fastify-schema,fastify,schema,post,100,1,0,47780.8,728.78,2866817,1.38,1,5,5,185,0,0,0,20.73333333969116,120,99.36816666666667,101.46,41.107166666666664,41.98,14.188543,15.843327,87.296875,0,0
fastify-schema,fastify,schema,post,100,2,0,48085.34,770.45,2885115,1.38,1,5,6,163,0,0,0,20.86484375,120,99.42933333333333,101.52,38.934666666666665,39.63,14.180351,22.609919,85.05859375,0,0
fastify-schema,fastify,schema,post,100,3,0,47920.54,589.09,2875135,1.39,1,5,6,161,0,0,0,20.79296875,120,99.345,101.41,38.050666666666665,39.19,14.278655,17.956863,85.359375,0,0
fastify-schema,fastify,schema,post,100,4,0,47727.47,782.24,2863642,1.4,1,5,6,160,0,0,0,20.709375,120,99.3615,101.47,38.790166666666664,41.33,14.295039,15.654911,85.2890625,0,0
fastify-schema,fastify,schema,post,100,5,0,47317.34,670.43,2839066,1.39,1,5,6,181,0,0,0,20.5328125,120,100.103,101.44,40.52283333333333,41.43,14.344191,16.187391,85.953125,0,0
fastify-schema,fastify,schema,post,10,1,0,50821.34,664.46,3049313,0.02,0,0,0,8,0,0,0,22.05260416984558,120,99.59266666666667,101.72,32.72383333333333,33.07,12.828671,14.950399,82.44921875,0,0
fastify-schema,fastify,schema,post,10,2,0,50995.2,651.18,3059660,0.02,0,0,0,13,0,0,0,22.12708333969116,120,99.61166666666666,101.67,33.808,34.19,12.738559,20.676607,82.98046875,0,0
fastify-schema,fastify,schema,post,10,3,0,51281.6,599.74,3076916,0.02,0,0,0,9,0,0,0,22.253125,120,99.584,101.7,33.28816666666667,33.81,12.460031,15.769599,82.6875,0,0
fastify-schema,fastify,schema,post,10,4,0,50187.74,1498.8,3011122,0.02,0,0,0,10,0,0,0,21.776041669845583,120,99.653,101.86,33.66383333333333,34.13,12.910591,16.105471,82.6171875,0,0
fastify-schema,fastify,schema,post,10,5,0,50442.14,604.08,3026522,0.02,0,0,0,10,0,0,0,21.888020839691162,120,99.6315,101.75,32.55733333333333,32.86,13.049855,16.392191,82.375,0,0
fastify-schema,fastify,schema,post,500,1,0,44096.54,565.58,2645649,10.77,9,17,17,2421,0,0,0,19.13359375,120,99.2445,101.43,50.79533333333333,51.64,23.101439,24.526847,93.5390625,0,0
fastify-schema,fastify,schema,post,500,2,0,44897.6,874.44,2693744,10.55,9,17,17,2191,0,0,0,19.480989589691163,120,99.29016666666666,101.43,53.06483333333333,53.93,21.708799,27.410431,96.36328125,0,0
fastify-schema,fastify,schema,post,500,3,0,44505.6,810.12,2670302,10.67,9,17,17,1917,0,0,0,19.311979169845582,120,99.30333333333333,101.45,53.404,54.19,27.590655,28.573695,95.984375,0,0
fastify-schema,fastify,schema,post,500,4,0,43943.47,477.36,2636586,10.82,9,17,18,2005,0,0,0,19.067708339691162,120,99.25516666666667,101.35,52.04633333333333,52.59,23.216127,36.503551,94.73046875,0,0
fastify-schema,fastify,schema,post,500,5,0,45106.67,827.75,2706403,10.51,9,17,17,1838,0,0,0,19.572916669845583,120,100.00666666666666,101.35,49.7345,50.18,25.870335,31.260671,93.77734375,0,0
