arm,framework,variant,endpoint,concurrency,rep,io_ms,rps_mean,rps_stddev,total_requests,lat_mean_ms,lat_p50_ms,lat_p95_ms,lat_p99_ms,lat_max_ms,non2xx,errors,timeouts,throughput_mb,cpu_samples,cpu_mean_pct,cpu_max_pct,mem_mean_mb,mem_max_mb,loop_p99_ms,loop_max_ms,rss_final_mb,link_util_pct,link_speed_mbps,items,routes,bloco,sessao
express-plain,express,plain,get,100,1,0,14536.14,183.67,872101,6.59,6,10,10,374,0,0,0,171.20625,120,98.53616666666667,100.54,36.638333333333335,37.71,17.039359,21.037055,79.03515625,0,0,50,0,run-20261005-162638,2026-10-05
express-plain,express,plain,get,100,2,0,14722.67,422.12,883338,6.41,6,10,10,413,0,0,0,173.41875,120,98.55933333333333,100.65,36.388333333333335,37.15,18.350079,20.414463,78.99609375,0,0,50,0,run-20261005-162638,2026-10-05
express-plain,express,plain,get,100,3,0,14594.54,215.8,875641,6.55,6,10,10,335,0,0,0,171.89791666984559,120,98.56099999999999,100.57,36.193666666666665,36.76,18.481151,23.199743,78.74609375,0,0,50,0,run-20261005-162638,2026-10-05
express-plain,express,plain,get,100,4,0,14646.4,144.81,878763,6.53,6,10,10,326,0,0,0,172.50625,120,98.54666666666667,100.52,35.4775,36.24,18.399231,19.546111,78.75390625,0,0,50,0,run-20261005-162638,2026-10-05
express-plain,express,plain,get,100,5,0,14814.8,196.39,888896,6.39,6,10,10,253,0,0,0,174.50416666984557,120,98.54633333333334,100.54,35.62583333333333,36.39,18.300927,21.495807,78.609375,0,0,50,0,run-20261005-162638,2026-10-05
fastify-plain,fastify,plain,get,100,1,0,34625.07,294.65,2077481,2.03,2,2,3,151,0,0,0,405.65,120,99.08833333333334,101.13,34.4575,35.13,12.320767,16.859135,77.9140625,0,0,50,0,run-20261005-162638,2026-10-05
fastify-plain,fastify,plain,get,100,2,0,35393.74,634.72,2123604,2.05,2,2,4,173,0,0,0,414.63333333969115,120,99.75366666666666,101.01,34.239666666666665,35.12,12.009471,15.982591,78.15625,0,0,50,0,run-20261005-162638,2026-10-05
fastify-plain,fastify,plain,get,100,3,0,34472.54,280.58,2068309,2.04,2,2,3,147,0,0,0,403.82083333969115,120,99.07566666666666,101.15,34.28783333333333,35.29,12.353535,17.760255,77.80859375,0,0,50,0,run-20261005-162638,2026-10-05
fastify-plain,fastify,plain,get,100,4,0,34632.67,461.2,2077994,2.04,2,2,3,190,0,0,0,405.725,120,99.05533333333334,101.08,34.10316666666667,34.82,12.156927,16.261119,77.91015625,0,0,50,0,run-20261005-162638,2026-10-05
fastify-plain,fastify,plain,get,100,5,0,34799.47,501.11,2087865,2.04,2,2,3,152,0,0,0,407.6541666698456,120,99.0375,101.18,34.390166666666666,35.42,12.287999,19.152895,78.09765625,0,0,50,0,run-20261005-162638,2026-10-05
express-plain,express,plain,get,100,1,0,14098.14,150.37,845874,6.69,6,10,11,205,0,0,0,166.06041666984558,120,98.49066666666667,100.53,35.688,36.57,17.104895,21.250047,78.81640625,0,0,50,50,run-20261005-164343,2026-10-05
express-plain,express,plain,get,100,2,0,14035.34,135.71,842109,6.7,6,10,11,307,0,0,0,165.31666666984557,120,98.534,100.6,36.949333333333335,37.58,19.054591,21.839871,79.0703125,0,0,50,50,run-20261005-164343,2026-10-05
express-plain,express,plain,get,100,3,0,14035.47,139.64,842100,6.69,6,10,11,286,0,0,0,165.30625,120,98.565,100.61,36.074,36.73,19.021823,21.004287,78.9140625,0,0,50,50,run-20261005-164343,2026-10-05
express-plain,express,plain,get,100,4,0,14093.07,188.57,845549,6.69,6,10,11,395,0,0,0,165.98958333969117,120,98.57166666666667,100.6,36.4885,37.28,18.956287,22.855679,78.97265625,0,0,50,50,run-20261005-164343,2026-10-05
express-plain,express,plain,get,100,5,0,14155.87,152.2,849326,6.68,6,10,11,198,0,0,0,166.72291666984557,120,98.53216666666667,100.54,36.393166666666666,37.26,18.907135,24.592383,79.546875,0,0,50,50,run-20261005-164343,2026-10-05
fastify-plain,fastify,plain,get,100,1,0,34931.07,574.69,2095859,2.04,2,2,3,179,0,0,0,409.19583333969115,120,99.0115,101.09,34.718833333333336,35.63,12.263423,18.595839,78.44921875,0,0,50,50,run-20261005-164343,2026-10-05
fastify-plain,fastify,plain,get,100,2,0,35966.4,688.72,2157967,2.05,2,2,5,94,0,0,0,421.32916666984556,120,98.973,101.01,34.532,35.23,12.058623,21.086207,78.5703125,0,0,50,50,run-20261005-164343,2026-10-05
fastify-plain,fastify,plain,get,100,3,0,34748.14,772.98,2084914,2.05,2,2,3,174,0,0,0,407.1,120,99.04016666666666,101.09,34.60583333333334,35.66,12.034047,17.137663,78.26171875,0,0,50,50,run-20261005-164343,2026-10-05
fastify-plain,fastify,plain,get,100,4,0,34361.2,592.07,2061743,2.09,2,3,3,164,0,0,0,402.55833333969116,120,99.00716666666666,101.09,34.61566666666667,35.38,12.181503,21.889023,78.6953125,0,0,50,50,run-20261005-164343,2026-10-05
fastify-plain,fastify,plain,get,100,5,0,34806.4,652.49,2088372,2.05,2,2,3,150,0,0,0,407.75,120,99.04633333333334,101.12,33.9965,34.69,12.230655,20.545535,78.13671875,0,0,50,50,run-20261005-164343,2026-10-05
express-plain,express,plain,get,100,1,0,12271.07,293.52,736239,7.73,7,12,12,361,0,0,0,144.52916666984558,120,98.57066666666667,100.67,37.138333333333335,38.01,20.119551,21.987327,79.40625,0,0,50,200,run-20261005-170050,2026-10-05
express-plain,express,plain,get,100,2,0,12248.27,148.13,734865,7.76,7,12,12,441,0,0,0,144.2625,120,98.58716666666666,100.59,36.344,37.61,19.202047,26.034175,79.765625,0,0,50,200,run-20261005-170050,2026-10-05
express-plain,express,plain,get,100,3,0,12128,132.32,727673,7.78,7,12,12,345,0,0,0,142.85416666984557,120,98.5145,100.59,36.220333333333336,37.04,19.464191,22.036479,79.328125,0,0,50,200,run-20261005-170050,2026-10-05
express-plain,express,plain,get,100,4,0,12333.74,110.96,739999,7.72,7,12,12,407,0,0,0,145.27708333969116,120,98.55433333333333,100.56,37.115833333333335,37.62,19.251199,20.594687,79.3671875,0,0,50,200,run-20261005-170050,2026-10-05
express-plain,express,plain,get,100,5,0,12027.87,488.66,721641,7.87,7,12,13,444,0,0,0,141.65885416984557,120,98.6135,100.75,36.736333333333334,37.5,20.955135,22.577151,79.6171875,0,0,50,200,run-20261005-170050,2026-10-05
fastify-plain,fastify,plain,get,100,1,0,34616.54,414.07,2076960,2.04,2,2,3,166,0,0,0,405.5291666698456,120,99.035,101.05,36.19683333333333,36.95,12.034047,16.752639,79.58984375,0,0,50,200,run-20261005-170050,2026-10-05
fastify-plain,fastify,plain,get,100,2,0,34992.67,756.12,2099489,2.08,2,3,5,197,0,0,0,409.9125,120,98.991,101.07,36.197833333333335,36.79,12.034047,19.398655,79.8359375,0,0,50,200,run-20261005-170050,2026-10-05
fastify-plain,fastify,plain,get,100,3,0,34533.2,711.42,2072017,2.06,2,3,3,184,0,0,0,404.55833333969116,120,99.04416666666667,101.11,36.149,36.64,11.976703,17.235967,79.97265625,0,0,50,200,run-20261005-170050,2026-10-05
fastify-plain,fastify,plain,get,100,4,0,33915.47,407.43,2034918,2.09,2,3,3,110,0,0,0,397.30833333969116,120,99.0555,101.1,36.2695,37.39,12.533759,19.824639,80.1015625,0,0,50,200,run-20261005-170050,2026-10-05
fastify-plain,fastify,plain,get,100,5,0,35078.4,669.16,2104774,2.06,2,2,4,111,0,0,0,410.95,120,99.01866666666666,101.06,35.8955,36.99,11.952127,16.547839,79.60546875,0,0,50,200,run-20261005-170050,2026-10-05
